{
    "Ideal gas constant [J.K-1.mol-1]": 8.314462618,
    "Faraday constant [C.mol-1]": 96485.33212,
    "Boltzmann constant [J.K-1]": 1.380649e-23,
    "Electron charge [C]": 1.602176634e-19,
    "Initial SoC": 1.0,
    "Initial temperature [K]": 298.15,
    "Cell capacity [A.h]": 4.85,
    "Nominal cell capacity [A.h]": 4.85,
    "Ambient temperature [K]": 298.15,
    "Current function [A]": 100,
    "Upper voltage cut-off [V]": 4.2,
    "Lower voltage cut-off [V]": 2.5,
    "Cell thermal mass [J/K]": 1000,
    "Cell-jig heat transfer coefficient [W/K]": 10,
    "Jig thermal mass [J/K]": 500,
    "Jig-air heat transfer coefficient [W/K]": 10,
    "Element-1 initial overpotential [V]": 0,
    "RCR lookup limit [A]": 340,
    "Element-2 initial overpotential [V]": 0,
    "Open-circuit voltage [V]": [
        4.171614770520462,
        4.088156700134277,
        4.014562129974365,
        3.9175500869750977,
        3.809469699859619,
        3.704679489135742,
        3.6352505683898926,
        3.554823160171509,
        3.456857204437256,
        3.2496132850646973
    ],
    "R0 [Ohm]": [
        0.03211602116631721,
        0.03405304938361182,
        0.0321663515862294,
        0.03194797226828367,
        0.033059874061612406,
        0.027175761177728516,
        0.03151601266477983,
        0.029703634433290143,
        0.030791703612098428,
        0.03987456595841563
    ],
    "R1 [Ohm]": [
        0.01063146218080734,
        0.006678030748971916,
        0.012863444039482684,
        0.011349081473415967,
        0.00930337321279806,
        0.0173867211331601,
        0.013511843794409895,
        0.016611121554948625,
        0.022406971721701918,
        0.09315632491668191
    ],
    "C1 [F]": [
        988.813373142147,
        917.1387019730188,
        962.9677920652185,
        998.8871227746849,
        837.9767980589352,
        709.7882196157719,
        987.5949560630833,
        851.7370168732209,
        874.5986649768223,
        997.8068395892776
    ],
    "R2 [Ohm]": [
        0.07619262304714944,
        0.0830950253972574,
        0.15808836659313488,
        0.13010074142584413,
        0.1204121628301213,
        0.06877697966509075,
        0.08827271057248373,
        0.09880303638703705,
        0.48428685866733157,
        0.4701191551974531
    ],
    "C2 [F]": [
        9987.938376979811,
        9999.597692563973,
        9999.710823450234,
        9999.752823483903,
        9934.3311562762,
        9518.515555529566,
        9801.195274119089,
        9907.982106792659,
        6486.901443402417,
        9662.2915122791
    ]
}